{
    "variable": {
        "0": "passenger_count",
        "1": "trip_duration",
        "2": "store_and_fwd_flag_Y",
        "3": "haversine_distance",
        "4": "pickup_longitude",
        "5": "pickup_datetime",
        "6": "dropoff_datetime",
        "7": "dropoff_latitude",
        "8": "pickup_latitude",
        "9": "dropoff_longitude"
    },
    "relative_importance": {
        "0": 1137797.25,
        "1": 81058.7265625,
        "2": 76476.765625,
        "3": 56977.53515625,
        "4": 52128.06640625,
        "5": 51211.14453125,
        "6": 50965.81640625,
        "7": 50483.41015625,
        "8": 50210.890625,
        "9": 47776.77734375
    },
    "scaled_importance": {
        "0": 1.0,
        "1": 0.07124180214225338,
        "2": 0.0672147569569183,
        "3": 0.050077054726797764,
        "4": 0.04581489927687028,
        "5": 0.045009024702116304,
        "6": 0.04479340796987337,
        "7": 0.04436942535785703,
        "8": 0.04412991033771614,
        "9": 0.0419905895745046
    },
    "percentage": {
        "0": 0.6874549037534422,
        "1": 0.04897552623492457,
        "2": 0.04620711427462927,
        "3": 0.03442571683746662,
        "4": 0.03149567717285451,
        "5": 0.030941674744629666,
        "6": 0.030793447964717967,
        "7": 0.030501979038981147,
        "8": 0.030337323263862688,
        "9": 0.028866636714491353
    }
}
