{
    "variable": {
        "0": "passenger_count",
        "1": "store_and_fwd_flag_Y",
        "2": "trip_duration",
        "3": "dropoff_datetime",
        "4": "haversine_distance",
        "5": "pickup_datetime",
        "6": "pickup_longitude",
        "7": "pickup_latitude",
        "8": "dropoff_longitude",
        "9": "dropoff_latitude"
    },
    "relative_importance": {
        "0": 148511.09375,
        "1": 10433.4443359375,
        "2": 5813.296875,
        "3": 2353.48876953125,
        "4": 2175.67529296875,
        "5": 1967.548095703125,
        "6": 1748.7716064453125,
        "7": 1732.287841796875,
        "8": 1234.3299560546875,
        "9": 1189.6536865234375
    },
    "scaled_importance": {
        "0": 1.0,
        "1": 0.0702536360920007,
        "2": 0.039143856046107664,
        "3": 0.015847225349326807,
        "4": 0.014649917646093358,
        "5": 0.013248492392192923,
        "6": 0.011775360091207412,
        "7": 0.011664366600874724,
        "8": 0.008311365332293147,
        "9": 0.008010537505878665
    },
    "percentage": {
        "0": 0.8382898920345879,
        "1": 0.0588929130146005,
        "2": 0.03281389885870905,
        "3": 0.013284568827134954,
        "4": 0.012280877881859206,
        "5": 0.011106077257072466,
        "6": 0.009871165339526658,
        "7": 0.009778120618499126,
        "8": 0.006967333547068039,
        "9": 0.006715152620942043
    }
}
