{
    "variable": {
        "0": "passenger_count",
        "1": "store_and_fwd_flag_Y",
        "2": "trip_duration",
        "3": "pickup_datetime",
        "4": "haversine_distance",
        "5": "dropoff_datetime",
        "6": "pickup_latitude",
        "7": "pickup_longitude",
        "8": "dropoff_longitude",
        "9": "dropoff_latitude"
    },
    "relative_importance": {
        "0": 150082.234375,
        "1": 10619.4228515625,
        "2": 8679.728515625,
        "3": 6008.7021484375,
        "4": 5446.4306640625,
        "5": 5019.7216796875,
        "6": 4126.1240234375,
        "7": 4073.66064453125,
        "8": 3535.223876953125,
        "9": 3253.686767578125
    },
    "scaled_importance": {
        "0": 1.0,
        "1": 0.07075736109464155,
        "2": 0.057833150950681936,
        "3": 0.0400360653841545,
        "4": 0.03628964271982974,
        "5": 0.03344647486487356,
        "6": 0.027492421342341172,
        "7": 0.027142857124266145,
        "8": 0.02355524550707253,
        "9": 0.021679359859797697
    },
    "percentage": {
        "0": 0.7472542634263858,
        "1": 0.052873739746771176,
        "2": 0.04321606861527881,
        "3": 0.02991712054912699,
        "4": 0.02711759024061308,
        "5": 0.024993020939360216,
        "6": 0.020543829059979,
        "7": 0.020282615707681126,
        "8": 0.017601757631215166,
        "9": 0.01619999408358868
    }
}
